CREATE DATABASE  IF NOT EXISTS `ridersgijon`;
USE `ridersgijon`;

DROP TABLE IF EXISTS `user`;
CREATE TABLE `user` (
  `id_user` int NOT NULL AUTO_INCREMENT,
  `apellido1` varchar(255) DEFAULT NULL,
  `apellido2` varchar(255) DEFAULT NULL,
  `direccion` varchar(255) DEFAULT NULL,
  `email` varchar(255) DEFAULT NULL,
  `is_active` bit(1) NOT NULL,
  `matricula` varchar(255) DEFAULT NULL,
  `nick` varchar(255) DEFAULT NULL,
  `nif` varchar(255) DEFAULT NULL,
  `nombre` varchar(255) DEFAULT NULL,
  `password` varchar(255) DEFAULT NULL,
  `telefono` varchar(255) DEFAULT NULL,
  `user_type` varchar(255) DEFAULT NULL,
  `vehiculo` varchar(255) DEFAULT NULL,
  PRIMARY KEY (`id_user`),
  UNIQUE KEY `UK_ob8kqyqqgmefl0aco34akdtpe` (`email`)
) ENGINE=InnoDB AUTO_INCREMENT=52 DEFAULT CHARSET=utf8mb4 COLLATE=utf8mb4_0900_ai_ci;

LOCK TABLES `user` WRITE;
INSERT INTO `user` VALUES (1,'Menendez','Martinez','C/ Luna, nº 23, 3º izda','carlosm1@carlosm.com',_binary '','','CarlosM1','09444888N','Carlos','$2a$10$cHQ9z9LxFlDSzD7/y./TxOSKhyKY8PI/x2HTKUvP7UzEKo8xMPhNS','666555444','ADMIN',''),(2,'Menendez','Martinez','C/ Luna, nº 23, 3º izda','carlosm2@carlosm.com',_binary '','','CarlosM2','09444888N','Carlos','$2a$10$pIOA0tVDTzJ.wfNC7K2fyOy.i1c0fGvXXYwIy.4h2Koo62A1P.lE.','666555444','ADMIN',''),(3,'Menendez','Martinez','C/ Luna, nº 23, 3º izda','carlosm3@carlosm.com',_binary '','','CarlosM3','09444888N','Carlos','$2a$10$J0jTDhla6ko0uHra5ZSPT.hA9irybHgvY2cEGPoa0.XDoNA7rd.QG','666555444','ADMIN',''),(4,'Menendez','Martinez','C/ Luna, nº 23, 3º izda','1234',_binary '','','1234','09444888N','Carlos','$2a$10$GbzuW.yr0wdZXrq42GUk7OhZmsiQiunGvzLrvVfdfcTBFUnfo171W','666555444','ADMIN',''),(5,'Menendez','Martinez','C/ Luna, nº 23, 3º izda','carlosm4@carlosm.com',_binary '','','CarlosM4','09444888N','Carlos','$2a$10$V.SgaLwiIWGKlswACBbP9e/BdL5P1Bshisg7ZuHXc.IW3oCuskm4i','666555444','ADMIN',''),(6,'Menendez','Martinez','C/ Luna, nº 23, 3º izda','carlosm5@carlosm.com',_binary '','','CarlosM5','09444888N','Carlos','$2a$10$W4L98QM2frHDCykfLj16re2Dbttve0LDC9Mw.VTjASn6NrfRFgML2','666555444','ADMIN',''),(7,'Menendez','Martinez','C/ Luna, nº 23, 3º izda','carlosm6@carlosm.com',_binary '','','CarlosM6','09444888N','Carlos','$2a$10$h.pZM59U7NMLC.gifHmQeOoA2kedRvdRRDFClklR8TnSCULlj1BfO','666555444','ADMIN',''),(8,'Menendez','Martinez','C/ Luna, nº 23, 3º izda','carlosm7@carlosm.com',_binary '','','CarlosM7','09444888N','Carlos','$2a$10$50zWIKTmFePxhqVYqfVNjuGtroc7fNAc9WckHnEp6Fc8s8s.i.YX6','666555444','ADMIN',''),(9,'Menendez','Martinez','C/ Luna, nº 23, 3º izda','carlosm8@carlosm.com',_binary '','','CarlosM8','09444888N','Carlos','$2a$10$nNMcuJiGPjk.VNfifGwQ4..wAnPlNMb6tMjcAL83v3SDNSjOswer6','666555444','ADMIN',''),(10,'Menendez','Martinez','C/ Luna, nº 23, 3º izda','carlosm9@carlosm.com',_binary '','','CarlosM9','09444888N','Carlos','$2a$10$y/wJ/c6wr94eCbr9gzdXVOfuKawkCx5/KEJg1y0Y4KGvvPAeZxR1.','666555444','ADMIN',''),(11,'Menendez','Martinez','C/ Luna, nº 23, 3º izda','carlosm10@carlosm.com',_binary '','','CarlosM10','09444888N','Carlos','$2a$10$hJ7Jx2wPGEGP/hzVXqls0.S9AmzlobzI68j3eABU167ivn/MjGOZa','666555444','ADMIN',''),(12,'Menendez','Martinez','C/ Luna, nº 23, 3º izda','carlosm11@carlosm.com',_binary '','','CarlosM11','09444888N','Carlos','$2a$10$PDQRRZcgMM/REWqi5y5leOpqDmq1vswlpSTZoEUhV2utPalBjRUS2','666555444','ADMIN',''),(13,'Menendez','Martinez','C/ Luna, nº 23, 3º izda','carlosm12@carlosm.com',_binary '','','CarlosM12','09444888N','Carlos','$2a$10$DgHCkidp4k9rxqbf69W7uuxbzvx2qH63JNeb3HIuaEFzXkLG5IBKq','666555444','ADMIN',''),(14,'Menendez','Martinez','C/ Luna, nº 23, 3º izda','carlosm13@carlosm.com',_binary '','','CarlosM13','09444888N','Carlos','$2a$10$3VqXD0PMTY.VbO2EbCsgOeVwk/cx1P5LvHiNh9X/APWFAaCNqJ03G','666555444','ADMIN',''),(15,'Menendez','Martinez','C/ Luna, nº 23, 3º izda','carlosm14@carlosm.com',_binary '','','CarlosM14','09444888N','Carlos','$2a$10$/gaOjAhtifFWG09AGdrdVurfszdwvAOvi5krlvKWU6JGiVEzbXI4i','666555444','ADMIN',''),(16,'Menendez','Martinez','C/ Luna, nº 23, 3º izda','carlosm15@carlosm.com',_binary '','','CarlosM15','09444888N','Carlos','$2a$10$R.eU7dmfux4dtxGQRkpGZujheazkFnDjEEgQiHnwdMuG5pd20eMDi','666555444','ADMIN',''),(17,'Menendez','Martinez','C/ Luna, nº 23, 3º izda','carlosm16@carlosm.com',_binary '','','CarlosM16','09444888N','Carlos','$2a$10$4oSfPy4f8A1YiLCey1Z94uZflAdhUfeU/MkcCMTB1vhf5UBbsiF0i','666555444','ADMIN',''),(18,'Suarez','Alonso','C/ Pelota, nº 12 3º izda','4567',_binary '','','4567','09555888N','Luis','$2a$10$lMWWe2jNiYQ7mfkWHmEwO.ndcAx7hryiN/d.v7k6h9JLI0JnTOEnq','777555444','CLIENT',''),(19,'Suarez','Alonso','C/ Pelota, nº 12 3º izda','luism1@luism.com',_binary '','','JuanM1','09555888N','Luis','$2a$10$tKQzJq7Hwu6FTAMivDnVCuEr8ptk53eqQ/NtZecbrMd8xTIa.miS.','777555444','CLIENT',''),(20,'Suarez','Alonso','C/ Pelota, nº 12 3º izda','luism2@luism.com',_binary '','','JuanM2','09555888N','Luis','$2a$10$zIM7anOcWGYvoO3kXyAFtOGR4Q536/wPXS/zOmx9Uv80RTp9/kX3a','777555444','CLIENT',''),(21,'Suarez','Alonso','C/ Pelota, nº 12 3º izda','luism3@luism.com',_binary '','','JuanM3','09555888N','Luis','$2a$10$z5bdq/lRCHk2lOnlGkamy.rtdFVHtDusN1d0.KLmf/PAME8zKnzSG','777555444','CLIENT',''),(22,'Suarez','Alonso','C/ Pelota, nº 12 3º izda','luism4@luism.com',_binary '','','JuanM4','09555888N','Luis','$2a$10$HUx/VlfYJjYhMajTPhwRveBRqlCQYuWgGdK/OsjnnIQhwyPGHTkRa','777555444','CLIENT',''),(23,'Suarez','Alonso','C/ Pelota, nº 12 3º izda','luism5@luism.com',_binary '','','JuanM5','09555888N','Luis','$2a$10$Wv8/MQ.gj36Y3psa5rkPD.VVVeHgoJ697ovfee.nr3uAUjpe7Ovzm','777555444','CLIENT',''),(24,'Suarez','Alonso','C/ Pelota, nº 12 3º izda','luism6@luism.com',_binary '','','JuanM6','09555888N','Luis','$2a$10$rrzfomizPQwvYJ/YtafbsOv4xk13SWvpJqQH8PQrYtpMDQB7gmn0K','777555444','CLIENT',''),(25,'Suarez','Alonso','C/ Pelota, nº 12 3º izda','luism7@luism.com',_binary '','','JuanM7','09555888N','Luis','$2a$10$M.iWcSqaIZGzJXQrqIx9C.GpqDP7TZt.lzASmMRtyyM.nwzdcKVQi','777555444','CLIENT',''),(26,'Suarez','Alonso','C/ Pelota, nº 12 3º izda','luism8@luism.com',_binary '','','JuanM8','09555888N','Luis','$2a$10$L6tElkU3gOGPcW3c5Z9Od.D4vlRRMfTiCEPXWKPmiCSURY1wShNk.','777555444','CLIENT',''),(27,'Suarez','Alonso','C/ Pelota, nº 12 3º izda','luism9@luism.com',_binary '','','JuanM9','09555888N','Luis','$2a$10$U/MQwbOt0CVvXVmswJf56.IdkJGoII.HMYRgb0vEfFNUln0PEoT12','777555444','CLIENT',''),(28,'Suarez','Alonso','C/ Pelota, nº 12 3º izda','luism10@luism.com',_binary '','','JuanM10','09555888N','Luis','$2a$10$2wWFNBl0NCKOzD3keGWogejXKHIPHhA33dXpH7vO8so5RRs5GY4Gq','777555444','CLIENT',''),(29,'Suarez','Alonso','C/ Pelota, nº 12 3º izda','luism11@luism.com',_binary '','','JuanM11','09555888N','Luis','$2a$10$3d2ICM/VS8kEtBMxHsyfWuXUE6JrM4L/ulFuaSfuizC0QZof.8rCq','777555444','CLIENT',''),(30,'Suarez','Alonso','C/ Pelota, nº 12 3º izda','luism12@luism.com',_binary '','','JuanM12','09555888N','Luis','$2a$10$Ex5wpAjuXFd1iZu0VviRU.qZJ2yj5atDf0hCZQ2TF3P8o/WELGpkC','777555444','CLIENT',''),(31,'Suarez','Alonso','C/ Pelota, nº 12 3º izda','luism13@luism.com',_binary '','','JuanM13','09555888N','Luis','$2a$10$FDRWJ3RyJ5SPDL9J55AhPeMc.Ss2aV0edoyTYR6dquELqVoXKoWxC','777555444','CLIENT',''),(32,'Suarez','Alonso','C/ Pelota, nº 12 3º izda','luism14@luism.com',_binary '','','JuanM14','09555888N','Luis','$2a$10$Xqcr.KvqiUV4liHYFx1Ub.IKcN/OzJOSu7QOJQpkQKG.Vant2t5pm','777555444','CLIENT',''),(33,'Suarez','Alonso','C/ Pelota, nº 12 3º izda','luism15@luism.com',_binary '','','JuanM15','09555888N','Luis','$2a$10$e2DAgVgdl9e9AE8Sg6bKVeZTe41QfANAX0BqtYDQVKod5Yffp9Why','777555444','CLIENT',''),(34,'Suarez','Alonso','C/ Pelota, nº 12 3º izda','luism16@luism.com',_binary '','','JuanM16','09555888N','Luis','$2a$10$qyaT.QWr7VjAE2Asxnq3putsJqozyknEfMpzkxOPmzs58sdOS5LFS','777555444','CLIENT',''),(35,'Pérez','Caso','C/ Alegría Ñoña, nº 1 1º','8900',_binary '','1234DDR','8900','10555888N','Pedro','$2a$10$dfHykFAXOyjW2mBxS3qEnewuS04DpK9Rg2zjMhzSGQ3KI72aAc3u.','111222333','RIDER','COCHE'),(36,'Pérez','Caso','C/ Alegría Ñoña, nº 1 1º','pedrom1@pedrom.com',_binary '','1234DDR','PedroM1','10555888N','Pedro','$2a$10$O1M.A4c85Qi6nsAj/dGS2OwiYS5BOuYX8zltu7ueIxTDVPtmxVJzK','111222333','RIDER','COCHE'),(37,'Pérez','Caso','C/ Alegría Ñoña, nº 1 1º','pedrom2@pedrom.com',_binary '','1234DDR','PedroM2','10555888N','Pedro','$2a$10$Le01RscCcukcErOMAMMjgOJvlK3RuqbpkCGGHkvpP5U1vWiXNfM2S','111222333','RIDER','COCHE'),(38,'Pérez','Caso','C/ Alegría Ñoña, nº 1 1º','pedrom@3pedrom.com',_binary '','1234DDR','PedroM3','10555888N','Pedro','$2a$10$X8tvSqC6kLqci7SBTh6tWes2TqFfYmGVC2l8Bd9cuMO9MkdL9LH82','111222333','RIDER','COCHE'),(39,'Pérez','Caso','C/ Alegría Ñoña, nº 1 1º','pedrom4@pedrom.com',_binary '','1234DDR','PedroM4','10555888N','Pedro','$2a$10$0nTUhecTSSSCzomHJ343aOakD6Vc492Gs1aabzkH9bNR7d19ga8TC','111222333','RIDER','COCHE'),(40,'Pérez','Caso','C/ Alegría Ñoña, nº 1 1º','pedrom5@pedrom.com',_binary '','1234DDR','PedroM5','10555888N','Pedro','$2a$10$qTagvlrzu7EfQeyYVowgE.ePlzlfYk2lBRHQEFB6fxw36ylfvcmHC','111222333','RIDER','COCHE'),(41,'Pérez','Caso','C/ Alegría Ñoña, nº 1 1º','pedrom6@pedrom.com',_binary '','1234DDR','PedroM6','10555888N','Pedro','$2a$10$4jWnbwXTB9xZPHw1s62kVerAW1CJ7fe97q0jmII6ZAao2AS5YB8H6','111222333','RIDER','COCHE'),(42,'Pérez','Caso','C/ Alegría Ñoña, nº 1 1º','pedrom7@pedrom.com',_binary '','1234DDR','PedroM7','10555888N','Pedro','$2a$10$ckXwE9qFyd3bSSmWgGxE.OJQARhU5tUa5TJ03cspwl7/XP1z1Zon.','111222333','RIDER','COCHE'),(43,'Pérez','Caso','C/ Alegría Ñoña, nº 1 1º','pedrom8@pedrom.com',_binary '','1234DDR','PedroM8','10555888N','Pedro','$2a$10$DC.kx2ralaRddipeVZGwvObh2PI3scuMvM1Ps21F5W0WZLpxMgYNy','111222333','RIDER','COCHE'),(44,'Pérez','Caso','C/ Alegría Ñoña, nº 1 1º','pedrom9@pedrom.com',_binary '','1234DDR','PedroM9','10555888N','Pedro','$2a$10$T0p5kSt.OlID7sSSGzkxKevOKxqgTBncjSCJOk23PbJxSqtLz7SAa','111222333','RIDER','COCHE'),(45,'Pérez','Caso','C/ Alegría Ñoña, nº 1 1º','pedrom10@pedrom.com',_binary '','1234DDR','PedroM10','10555888N','Pedro','$2a$10$cLjadc9fvuDsoWpz/YzF3O.CUrg3MLKxXdKN6mka17p.RItk.7lgm','111222333','RIDER','COCHE'),(46,'Pérez','Caso','C/ Alegría Ñoña, nº 1 1º','pedrom11@pedrom.com',_binary '','1234DDR','PedroM11','10555888N','Pedro','$2a$10$dqd7UG/VHWGul1IIYQsnt.XBq9lhVJW6eQqVSSgLdguWP0VkU6IJm','111222333','RIDER','COCHE'),(47,'Pérez','Caso','C/ Alegría Ñoña, nº 1 1º','pedrom12@pedrom.com',_binary '','1234DDR','PedroM12','10555888N','Pedro','$2a$10$Ig3V/wGmQGKEeXgvGpoPx.u.APrvjmb3es3oI2kRU1aWD6sqRDbXy','111222333','RIDER','COCHE'),(48,'Pérez','Caso','C/ Alegría Ñoña, nº 1 1º','pedrom13@pedrom.com',_binary '','1234DDR','PedroM13','10555888N','Pedro','$2a$10$dbPBJYcmXXabbrq8dnl0oOdw63hxkUoFv0mA9xCsG6ZoD.sGpYJR2','111222333','RIDER','COCHE'),(49,'Pérez','Caso','C/ Alegría Ñoña, nº 1 1º','pedrom14@pedrom.com',_binary '','1234DDR','PedroM14','10555888N','Pedro','$2a$10$IUaqKsmPS89rWcn7P2/np.lgtxPmPbWTRKELa9FHThOL8a1x.umJG','111222333','RIDER','COCHE'),(50,'Pérez','Caso','C/ Alegría Ñoña, nº 1 1º','pedrom15@pedrom.com',_binary '','1234DDR','PedroM15','10555888N','Pedro','$2a$10$cg1Y483It12QfkJ8VOC8IevQayMk6ljzJInE2jV8mKyqR033lVW8O','111222333','RIDER','COCHE'),(51,'Pérez','Caso','C/ Alegría Ñoña, nº 1 1º','pedrom16@pedrom.com',_binary '','1234DDR','PedroM16','10555888N','Pedro','$2a$10$8qL6MxFjEJ.koBhw.We7puhn4183m6TMm9v0x1WR1gUe02wEc6sBq','111222333','RIDER','COCHE');
UNLOCK TABLES;

DROP TABLE IF EXISTS `rol`;

CREATE TABLE `rol` (
  `idrol` int NOT NULL AUTO_INCREMENT,
  `nombre` varchar(255) DEFAULT NULL,
  PRIMARY KEY (`idrol`),
  UNIQUE KEY `UK_43kr6s7bts1wqfv43f7jd87kp` (`nombre`)
) ENGINE=InnoDB AUTO_INCREMENT=4 DEFAULT CHARSET=utf8mb4 COLLATE=utf8mb4_0900_ai_ci;

LOCK TABLES `rol` WRITE;
INSERT INTO `rol` VALUES (1,'ROLE_ADMIN'),(2,'ROLE_CLIENT'),(3,'ROLE_RIDER');
UNLOCK TABLES;

DROP TABLE IF EXISTS `userrol`;
CREATE TABLE `userrol` (
  `iduserrol` int NOT NULL AUTO_INCREMENT,
  `idrol` int DEFAULT NULL,
  `id_user` int DEFAULT NULL,
  PRIMARY KEY (`iduserrol`),
  KEY `FK3enep7x3t0lx6liuy2p0fxlks` (`idrol`),
  KEY `FKdihujlq00mbv6q1m5p9km2ca3` (`id_user`),
  CONSTRAINT `FK3enep7x3t0lx6liuy2p0fxlks` FOREIGN KEY (`idrol`) REFERENCES `rol` (`idrol`),
  CONSTRAINT `FKdihujlq00mbv6q1m5p9km2ca3` FOREIGN KEY (`id_user`) REFERENCES `user` (`id_user`)
) ENGINE=InnoDB AUTO_INCREMENT=52 DEFAULT CHARSET=utf8mb4 COLLATE=utf8mb4_0900_ai_ci;

LOCK TABLES `userrol` WRITE;
INSERT INTO `userrol` VALUES (1,1,1),(2,1,2),(3,1,3),(4,1,4),(5,1,5),(6,1,6),(7,1,7),(8,1,8),(9,1,9),(10,1,10),(11,1,11),(12,1,12),(13,1,13),(14,1,14),(15,1,15),(16,1,16),(17,1,17),(18,2,18),(19,2,19),(20,2,20),(21,2,21),(22,2,22),(23,2,23),(24,2,24),(25,2,25),(26,2,26),(27,2,27),(28,2,28),(29,2,29),(30,2,30),(31,2,31),(32,2,32),(33,2,33),(34,2,34),(35,3,35),(36,3,36),(37,3,37),(38,3,38),(39,3,39),(40,3,40),(41,3,41),(42,3,42),(43,3,43),(44,3,44),(45,3,45),(46,3,46),(47,3,47),(48,3,48),(49,3,49),(50,3,50),(51,3,51);
UNLOCK TABLES;

DROP TABLE IF EXISTS `pedido`;
CREATE TABLE `pedido` (
  `id_pedido` int NOT NULL AUTO_INCREMENT,
  `comentarios` varchar(255) DEFAULT NULL,
  `dir_destinatario` varchar(255) DEFAULT NULL,
  `dir_remitente` varchar(255) DEFAULT NULL,
  `fecha_pedido` date DEFAULT NULL,
  `fecha_entregado` date DEFAULT NULL,
  `nombre_destinatario` varchar(255) DEFAULT NULL,
  `nombre_remitente` varchar(255) DEFAULT NULL,
  `status` int NOT NULL,
  `telefono_destinatario` varchar(255) DEFAULT NULL,
  `telefono_remitente` varchar(255) DEFAULT NULL,
  `cliente_id_user` int DEFAULT NULL,
  `rider_id_user` int DEFAULT NULL,
  PRIMARY KEY (`id_pedido`),
  KEY `FKlu0gu2dlpnf1le9uwjae7er7a` (`cliente_id_user`),
  KEY `FK2s2burxhqvijf2mfw73eoqjw2` (`rider_id_user`),
  CONSTRAINT `FK2s2burxhqvijf2mfw73eoqjw2` FOREIGN KEY (`rider_id_user`) REFERENCES `user` (`id_user`),
  CONSTRAINT `FKlu0gu2dlpnf1le9uwjae7er7a` FOREIGN KEY (`cliente_id_user`) REFERENCES `user` (`id_user`)
) ENGINE=InnoDB AUTO_INCREMENT=22 DEFAULT CHARSET=utf8mb4 COLLATE=utf8mb4_0900_ai_ci;

LOCK TABLES `pedido` WRITE;
INSERT INTO `pedido` VALUES (1,'Prueba Pedido 1','C/ Uría, nº 13, 4ºF','C/ Muñeca cañí, nº 3','2021-01-11','2021-01-12','Ana Menéndez','Pedro Perez',0,'984779988','985445588',1,2),(2,'Prueba Pedido 2','C/ Main, nº 23, 5ºA','C/ Pelota, nº 13','2021-01-12','2021-01-13','Juan Muñoz','Pablo Suarez',1,'984669988','985555588',2,3),(3,'Prueba Pedido 3','C/ Principado, nº 8, 1ºA','C/ Principal, nº 21','2020-01-14','2021-01-14','Eva Pisto','Clara Alonso',2,'984559988','985665588',3,1),(4,'Prueba Pedido 3','C/ Principado, nº 8, 1ºA','C/ Principal, nº 21','2020-01-14','2021-01-14','Eva Pisto','Clara Alonso1',2,'984559988','985665588',18,35),(5,'Prueba Pedido 3','C/ Principado, nº 8, 1ºA','C/ Principal, nº 21','2020-01-14','2021-01-14','Eva Pisto','Clara Alonso2',2,'984559988','985665588',18,35),(6,'Prueba Pedido 3','C/ Principado, nº 8, 1ºA','C/ Principal, nº 21','2020-01-14','2021-01-14','Eva Pisto','Clara Alonso3',2,'984559988','985665588',18,35),(7,'Prueba Pedido 3','C/ Principado, nº 8, 1ºA','C/ Principal, nº 21','2020-01-14','2021-01-14','Eva Pisto','Clara Alonso4',2,'984559988','985665588',18,35),(8,'Prueba Pedido 3','C/ Principado, nº 8, 1ºA','C/ Principal, nº 21','2020-01-14','2021-01-14','Eva Pisto','Clara Alonso5',2,'984559988','985665588',18,35),(9,'Prueba Pedido 3','C/ Principado, nº 8, 1ºA','C/ Principal, nº 21','2020-01-14','2021-01-14','Eva Pisto','Clara Alonso6',2,'984559988','985665588',18,35),(10,'Prueba Pedido 2','C/ Main, nº 23, 5ºA','C/ Pelota, nº 13','2021-01-12','2021-01-13','Juan Muñoz','Pablo1',1,'984669988','985555588',19,36),(11,'Prueba Pedido 2','C/ Main, nº 23, 5ºA','C/ Pelota, nº 13','2021-01-12','2021-01-13','Juan Muñoz','Pablo2',1,'984669988','985555588',19,36),(12,'Prueba Pedido 2','C/ Main, nº 23, 5ºA','C/ Pelota, nº 13','2021-01-12','2021-01-13','Juan Muñoz','Pablo3',1,'984669988','985555588',19,36),(13,'Prueba Pedido 2','C/ Main, nº 23, 5ºA','C/ Pelota, nº 13','2021-01-12','2021-01-13','Juan Muñoz','Pablo4',1,'984669988','985555588',19,36),(14,'Prueba Pedido 2','C/ Main, nº 23, 5ºA','C/ Pelota, nº 13','2021-01-12','2021-01-13','Juan Muñoz','Pablo5',1,'984669988','985555588',19,36),(15,'Prueba Pedido 2','C/ Main, nº 23, 5ºA','C/ Pelota, nº 13','2021-01-12','2021-01-13','Juan Muñoz','Pablo6',1,'984669988','985555588',19,36),(16,'Prueba Pedido 1','C/ Uría, nº 13, 4ºF','C/ Muñeca cañí, nº 3','2021-01-11','2021-01-12','Ana Menéndez','Pedro1',0,'984779988','985445588',20,37),(17,'Prueba Pedido 1','C/ Uría, nº 13, 4ºF','C/ Muñeca cañí, nº 3','2021-01-11','2021-01-12','Ana Menéndez','Pedro2',0,'984779988','985445588',20,37),(18,'Prueba Pedido 1','C/ Uría, nº 13, 4ºF','C/ Muñeca cañí, nº 3','2021-01-11','2021-01-12','Ana Menéndez','Pedro3',0,'984779988','985445588',20,37),(19,'Prueba Pedido 1','C/ Uría, nº 13, 4ºF','C/ Muñeca cañí, nº 3','2021-01-11','2021-01-12','Ana Menéndez','Pedro4',0,'984779988','985445588',20,37),(20,'Prueba Pedido 1','C/ Uría, nº 13, 4ºF','C/ Muñeca cañí, nº 3','2021-01-11','2021-01-12','Ana Menéndez','Pedro5',0,'984779988','985445588',20,37),(21,'Prueba Pedido 1','C/ Uría, nº 13, 4ºF','C/ Muñeca cañí, nº 3','2021-01-11','2021-01-12','Ana Menéndez','Pedro6',0,'984779988','985445588',20,37);
UNLOCK TABLES;
